{"cameraMode":{"drawMode":0,"name":"Shaded","section":"Shading Mode"},"sceneLighting":true,"audioPlay":false,"sceneViewState":{"m_AlwaysRefresh":false,"showFog":true,"showSkybox":true,"showFlares":true,"showImageEffects":true,"showParticleSystems":true,"showVisualEffectGraphs":true,"m_FxEnabled":true},"in2DMode":false,"pivot":{"x":2.2956290245056154,"y":-2.0549120903015138,"z":-0.2519104480743408},"rotation":{"x":-0.33806899189949038,"y":-0.41872328519821169,"z":0.17157712578773499,"w":-0.8252843618392944},"size":13.89737319946289,"orthographic":false}